"DESCRIPTION","DURATION IN MS","NAME","PARENT SUITE","START TIME","STATUS","STOP TIME","SUB SUITE","SUITE","TEST CLASS","TEST METHOD"
"","10478","Edit margin rule","partscheck-repairer-admin","2026-09-29","passed","2026-09-29","Repairer: Margin Rules Settings","repairer\marginRules\marginRuleCreation.repairerAdmin.spec.ts","",""
"","22766","Normal Quote Submission","partscheck-supplier-submitquote","2026-09-29","passed","2026-09-29","Supplier: Submit Quote Flow","supplier\submitQuote.supplier.spec.ts","",""
"","12345","Supplier sign in","supplier-setup","2026-09-29","passed","2026-09-29","","..\auth-setup\auth.supplier.setup.ts","",""
"","22767","Direct Purchase Order Quote Submission","partscheck-supplier-submitquote","2026-09-29","passed","2026-09-29","Supplier: Submit Quote Flow","supplier\submitQuote.supplier.spec.ts","",""
"","11900","Price Check for Submit Quote - Normal Quote","partscheck-repairer-checkprice","2026-09-29","passed","2026-09-29","Repairer: Check Price for Submit Quote","repairer\checkPrice.spec.ts","",""
"","11493","Copy & customise system rule","partscheck-repairer-admin","2026-09-29","passed","2026-09-29","Repairer: Margin Rules Settings","repairer\marginRules\marginRuleCreation.repairerAdmin.spec.ts","",""
"","9317","Items Credit Request - Normal Quote","partscheck-repairer-partsorder","2026-09-29","passed","2026-09-29","Repairer: Quoting Parts Orders","repairer\partsOrder.spec.ts","",""
"","10029","Cancel Items - Direct Purchase Quote","partscheck-repairer-partsorder","2026-09-29","passed","2026-09-29","Repairer: Quoting Parts Orders","repairer\partsOrder.spec.ts","",""
"","6587","Credit Request Verification - Normal Quote","partscheck-repairer-creditmanagement","2026-09-29","passed","2026-09-29","Repairer: Credit Management Flow","repairer\creditManagement.spec.ts","",""
"","7023","Receive Items - Normal Quote","partscheck-repairer-partsorder","2026-09-29","passed","2026-09-29","Repairer: Quoting Parts Orders","repairer\partsOrder.spec.ts","",""
"","10274","Cancel Items - Normal Quote","partscheck-repairer-partsorder","2026-09-29","passed","2026-09-29","Repairer: Quoting Parts Orders","repairer\partsOrder.spec.ts","",""
"","11764","Credit Request Submission - Normal Quote","partscheck-supplier-creditrequest","2026-09-29","passed","2026-09-29","Supplier: Credit Request Flow","supplier\creditRequest.supplier.spec.ts","",""
"","7422","Repairer sign in","repairerAdmin-setup","2026-09-29","passed","2026-09-29","","..\auth-setup\auth.repairerAdmin.setup.ts","",""
"","9361","Repairer sign in","repairer-setup","2026-09-29","passed","2026-09-29","","..\auth-setup\auth.repairer.setup.ts","",""
"","8299","Items Credit Request - Direct Purchase Quote","partscheck-repairer-partsorder","2026-09-29","passed","2026-09-29","Repairer: Quoting Parts Orders","repairer\partsOrder.spec.ts","",""
"","35887","Normal Quote Creation","partscheck-repairer","2026-09-29","passed","2026-09-29","Repairer: Quote Creation Flow","repairer\quoteCreation.spec.ts","",""
"","35666","Direct Purchase Quote Creation","partscheck-repairer","2026-09-29","passed","2026-09-29","Repairer: Quote Creation Flow","repairer\quoteCreation.spec.ts","",""
"","8222","Supplier sign in","supplierAdmin-setup","2026-09-29","passed","2026-09-29","","..\auth-setup\auth.supplierAdmin.setup.ts","",""
"","5597","Credit Request Verification - Direct Purchase Quote","partscheck-repairer-creditmanagement","2026-09-29","passed","2026-09-29","Repairer: Credit Management Flow","repairer\creditManagement.spec.ts","",""
"","11831","Credit Request Submission - Direct Purchase Quote","partscheck-supplier-creditrequest","2026-09-29","passed","2026-09-29","Supplier: Credit Request Flow","supplier\creditRequest.supplier.spec.ts","",""
"","6473","Supplier Documents Verification - Direct Purchase Quote","partscheck-repairer-partsorder","2026-09-29","passed","2026-09-29","Repairer: Quoting Parts Orders","repairer\partsOrder.spec.ts","",""
"","15571","Pin and unpin margin rules","partscheck-repairer-admin","2026-09-29","passed","2026-09-29","Repairer: Margin Rules Settings","repairer\marginRules\marginRuleCreation.repairerAdmin.spec.ts","",""
"","13623","Create margin rule","partscheck-repairer-admin","2026-09-29","passed","2026-09-29","Repairer: Margin Rules Settings","repairer\marginRules\marginRuleCreation.repairerAdmin.spec.ts","",""
"","7484","Supplier Documents Verification - Normal Quote","partscheck-repairer-partsorder","2026-09-29","passed","2026-09-29","Repairer: Quoting Parts Orders","repairer\partsOrder.spec.ts","",""
"","7603","Receive Items - Direct Purchase Quote","partscheck-repairer-partsorder","2026-09-29","passed","2026-09-29","Repairer: Quoting Parts Orders","repairer\partsOrder.spec.ts","",""
"","9897","Set margin rule as default","partscheck-repairer-admin","2026-09-29","passed","2026-09-29","Repairer: Margin Rules Settings","repairer\marginRules\marginRuleCreation.repairerAdmin.spec.ts","",""
